"Barcode ID","Item Description","Price","Discount","Item Flag","Current Stock","Lifetime Sales","Date Created"
"1001-0002","DOG PILLOW","10.00","-","-","1","0","09/03/2026"
"1001-0003","DAILY TODO LIST","3.00","-","-","2","0","09/03/2026"
"1001-0004","METAL TIK TAK TOE","10.00","-","-","1","0","09/03/2026"
"1001-0006","CHILDREN BOOK","2.00","-","-","0","4","09/03/2026"
"1001-0007","WILSON RACKET","5.00","-","-","1","0","09/03/2026"
"1001-0008","EMOTIONAL STUFFED TACO","5.00","-","-","3","1","09/03/2026"
"1001-0009","HALLOWEEN OUTFIT","6.50","-","-","2","0","09/03/2026"
"1001-0010","INK JOY PENS (3PK)","1.50","-","-","4","3","09/03/2026"
"1001-0012","SET OF 2 HANDMADE DOILIES","4.00","-","-","15","0","09/03/2026"
"1001-0013","BABY POO","5.00","-","-","1","0","09/03/2026"
"1001-0014","KIT-SCH HAIR PERFUME","5.00","-","-","7","2","09/03/2026"
"1001-0015","LEATHER WATCH","8.00","-","-","2","0","09/03/2026"
"1001-0016","3 PC TEA SET WITH 6 PLATES","5.00","-","-","1","0","09/04/2026"
"1001-0018","DECOMPRESS AND RELAX MAGNET FIDGET (LARGE)","4.50","-","-","2","1","09/05/2026"
"1001-0019","WHITE AND BROWN CROSSBODY","8.00","-","-","0","1","09/05/2026"
"1001-0020","BLACK AND BROWN CLUCI CROSSBODY","10.00","-","-","0","1","09/05/2026"
"1001-0023","THE THREAD GENUINE LEATHER PURSE","10.00","-","-","2","1","09/05/2026"
"1001-0024","THE SAK BURGUNDY CROSSBODY","12.00","-","-","1","0","09/05/2026"
"1001-0025","MK BROWN LEATHER PURSE","25.00","-","-","1","0","09/05/2026"
"1001-0026","HALLOWEEN SQUEEZY DUMPLING","7.00","-","-","18","12","09/08/2026"
"1001-0027","MINI DUMPLING","2.00","-","-","21","3","09/08/2026"
"1001-0028","BUTTER (COCONUT OIL SQUISHY)","8.00","-","-","0","2","09/08/2026"
"1001-0029","PJ","15.00","-","NEW","4","0","09/13/2026"
"1001-0030","BUG JOURNAL","3.99","-","-","5","1","09/15/2026"
"1001-0031","PLANT POT STAKES (SET OF 3)","5.00","-","-","6","0","09/15/2026"
"1001-0032","THROW BLANKET","5.00","-","-","4","0","09/15/2026"
"1001-0033","SET OF 3 CHARMS","2.00","-","-","5","1","09/15/2026"
"1001-0034","GUITAR STRAP","5.00","-","-","1","0","09/15/2026"
"1001-0036","MINI CHEESE SQUISHY","8.00","-","-","10","0","09/15/2026"
"1001-0037","ELDERLY DRIVER MAGNET","2.00","-","-","4","0","09/15/2026"
"1001-0038","VINTAGE JEWLERY BOX","20.00","-","-","1","0","09/15/2026"
"1001-0039","BLACK PURSE (UNIV. THREAD)","5.00","-","-","4","2","09/15/2026"
"1001-0040","PURPLE JOURNAL","5.00","-","-","0","1","09/15/2026"
"1001-0041","WORKING THE POLE BAG","8.00","-","-","1","2","09/15/2026"
"1001-0043","LAURA MERCIER PETAL SOFT LIPSTICK CRAYON ~ 363 ADELE","5.00","-","-","9","1","09/19/2026"
"1001-0044","LAURA MERCIER PETAL SOFT LIPSTICK CRAYON .07OZ OPHELIA","5.00","-","-","3","0","09/19/2026"
"1001-0045","LAURA MERCIER ARTISTRY ICONS MINI SET TRANSLUCENT POWDER & ROSEGOLD CAVIAR STICK","5.00","-","-","4","0","09/19/2026"
"1001-0046","NEW IN BOX CARESILK 3% CAFFEINE EYE CREAM FRAGRANCE-FREE .5 FL OZ (15ML)","4.00","-","-","10","0","09/19/2026"
"1001-0047","FRUITY GLASS TINT MINI SET","5.00","-","-","2","0","09/19/2026"
"1001-0048","CLEAN SKIN CLUB STEM CELL+ BRIGHTENING EYE CREAM","5.00","-","-","2","0","09/19/2026"
"1001-0049","ALBA BOTANICA ACNE DOTE FACE BODY SCRUB OIL-FREE","5.00","-","-","1","0","09/19/2026"
"1001-0050","PIG TRAY","5.00","-","-","1","0","09/19/2026"
"1001-0051","FROG ON MUSHROOM SIGN","10.00","-","-","2","0","09/29/2026"
"1001-0052","SMALL CUBE SQUISHIE","4.00","-","-","1","0","09/29/2026"
"1001-0053","WOODEN BIRD","5.00","-","-","3","0","09/29/2026"
"1001-0054","BROWN BAG","12.00","-","-","1","0","09/29/2026"
"1001-0055","COMPOSITION NOTEBOOK BAG","4.00","-","-","10","0","09/29/2026"
"1001-0056","METAL SIGN","7.75","-","-","21","0","09/29/2026"
"1001-0057","ESO LIPSTICK","5.00","-","-","1","0","09/29/2026"
"1001-0058","BLUE CANVAS BAG","12.00","-","-","1","0","09/29/2026"
"1001-0059","TREEHUT LIP MASK","5.00","-","-","0","1","09/29/2026"
"1001-0060","STAINED GLASS FOX","15.00","-","-","2","0","09/29/2026"
"1001-0061","WATER COLOR BOOK","6.00","-","-","2","0","09/29/2026"
"1001-0062","LIFELINE DOT BY LETTER","6.00","-","-","2","0","09/29/2026"
"1001-0063","MOBILE WALLET","2.00","-","-","1","0","09/29/2026"
"1001-0064","TONIES -WONDER","8.00","-","-","2","0","09/29/2026"
"1001-0065","MAMA SWEATSHIRT","12.00","-","-","4","0","09/29/2026"
"1001-0066","GAMEDAY HAT","15.00","-","-","2","0","09/29/2026"
"1001-0067","COFFEE SLEEVE","8.00","-","-","2","0","09/29/2026"
"1001-0068","PUMPKIN HAIR BOW","4.00","-","-","2","0","09/29/2026"
"1001-0069","HALLOWEEN DOG SWEATER","10.00","-","-","1","0","09/29/2026"
"1001-0070","FOOTBALL RIBBON","3.00","-","-","2","0","09/29/2026"
"1001-0071","CAR VENT CLIPS","5.00","-","-","1","0","09/29/2026"
"1001-0072","VINTAGE BLOOM SKIRT","12.00","-","VTGE","1","0","09/30/2026"
"1001-0073","PINK 2 PC PANTS SET","20.00","-","NEW","1","0","09/30/2026"
"1001-0074","GRAY 2 PC PANT SET","20.00","-","NEW","1","0","09/30/2026"
"1001-0075","WEIRD TEACHERS SHIRT","6.00","-","NEW","1","0","09/30/2026"
"1001-0076","BLACK PUFFER JACKET","12.00","-","LKNEW","1","0","09/30/2026"
"1001-0077","CARBON2COBALT PULL OVER","10.00","-","LKNEW","1","0","09/30/2026"
"1001-0078","BLANK FLANNEL","10.00","-","LKNEW","10","0","09/30/2026"
"1001-0079","SPOOKY SEASON CREWNECK","10.00","-","NEW","1","0","09/30/2026"
"1001-0080","WILD CHILD SHIRT","5.00","-","NEW","1","0","09/30/2026"
"1001-0081","SPIDER-MAN JACKET","10.00","-","NEW","1","0","09/30/2026"
"1001-0082","LUCKY AND BLESSED DENIM JACKET","12.00","-","LKNEW","1","0","09/30/2026"
"1001-0083","REORIA TAN LONGSLEEVE SHIRT","6.00","-","NEW","1","0","09/30/2026"
"1001-0084","NORTHYARD SHIRT","12.00","-","NEW","1","0","09/30/2026"
"1001-0085","BLUE DRESS","10.00","-","NEW","1","0","09/30/2026"
"1001-0086","GREEN 2 TONE SHIRT","12.00","-","NEW","1","0","09/30/2026"
"1001-0087","TAN SWEATSHIRT WITH POCKETS","12.00","-","NEW","1","0","09/30/2026"
"1001-0088","ACID WASH CREWNECK","15.00","-","NEW","1","0","09/30/2026"
"1001-0089","STRIPED CARDIGAN","12.00","-","NEW","2","0","09/30/2026"
"1001-0090","WAFFLE KNIT 2 PC OUTFIT","20.00","-","NEW","1","0","09/30/2026"
"1001-0091","VINTAGE BRASS FIGHTING CHICKEN","20.00","-","VTGE","1","0","09/30/2026"
"100100200","BASEBALL NECKLACE","4.00","-","-","3","0","08/31/2026"
"100100720","SILKY PANTS","12.00","-","-","1","0","08/31/2026"
"100100920","BRASS TEA KETTLE","20.00","-","-","1","0","08/31/2026"
"100100995","ORANGE SHIRT","8.00","-","-","1","0","08/31/2026"
"100101014","LAUNDRY BAGS","5.00","-","-","1","0","08/31/2026"
"100101128","NYLON CRESCENT CROSSBODY","15.00","-","-","7","0","08/31/2026"
"100101228","KEYCHAIN YARN","3.00","-","-","5","0","08/31/2026"
"100101260","LABUBU HAIR BANDS","1.50","-","RB","2","1","08/31/2026"
"100101271","BEST DAD ORNAMENT","3.00","-","-","4","0","08/31/2026"
"100101374","SHARK WEEK BATHROOM ORGANIZER","12.00","-","-","2","0","08/31/2026"
"100101545","BEANIE BABY","4.50","-","-","13","0","08/31/2026"
"100101656","RUST COLORED SHIRT","5.00","-","-","1","0","08/31/2026"
"100102100","WALLET WITH FIND MY","10.00","-","-","2","1","08/31/2026"
"100102107","HONEST TINTED LIP BALM","4.00","-","-","2","0","08/31/2026"
"100102178","BACKPACK/BAG CHARM","4.00","-","-","2","0","08/31/2026"
"100102268","RAZORBACK SHIRT","12.00","-","-","1","0","08/31/2026"
"100102727","BOHO PONCHO RED/GRAY/BLACK","25.00","-","-","1","0","08/31/2026"
"100102739","PICTURE","5.00","-","-","1","0","08/31/2026"
"100102880","BOOK HAIR CLIP","4.00","-","-","1","0","08/31/2026"
"100102904","BOOK LOVERS PEN SET","5.00","-","-","1","0","08/31/2026"
"100103577","GALAXY SLIME","0.50","-","-","57","2","08/31/2026"
"100103673","STICKY NOTES BULL SHIT","1.25","-","-","3","0","08/31/2026"
"100103843","STANLEY CUP","15.00","-","RB","7","0","08/31/2026"
"100103910","MASCARA","3.00","-","RB","1","0","08/31/2026"
"100104885","MINI 3D PRINTED ANIMAL","1.99","-","-","90","5","08/31/2026"
"100105051","BOTTLE ORGANIZER","6.00","-","New","1","0","08/31/2026"
"100105194","KEYCHAIN","2.00","-","-","10","2","08/31/2026"
"100105377","PHYSICIANS FORMULA  BUTTER BRONZER","5.00","-","-","3","0","08/31/2026"
"100105416","PURSE CHARMS","3.00","-","-","3","0","08/31/2026"
"100105750","DAILY PLAN NOTEBOOKS","2.00","-","-","1","0","08/31/2026"
"100105855","NECKLACE","6.00","-","-","2","0","08/31/2026"
"100105988","101 BLESSINGS FOR A GREAT TEACHER","5.00","-","-","1","0","08/31/2026"
"100105994","MINI SQUISHY CUBE","1.75","-","-","2","0","08/31/2026"
"100106016","LANYARD","5.00","-","-","5","0","08/31/2026"
"100106034","DRAMA MAYHEM GAME","10.00","-","-","1","0","08/31/2026"
"100106046","POSITIVE ANIMALS","1.00","-","-","35","6","08/31/2026"
"100106411","LIVE PLANT PANTHO","10.00","-","-","1","1","08/31/2026"
"100106583","WILD WILLIES SOAP","3.00","-","-","3","0","08/31/2026"
"100107139","SCREW DRIVER SET","5.00","-","-","2","0","08/31/2026"
"100107855","EARRINGS","3.00","-","-","311","11","08/31/2026"
"100108011","3D PRINTED TIGER","4.00","-","-","7","1","08/31/2026"
"100108124","LAURA GELLER FOUNDATION","5.00","-","-","0","1","08/31/2026"
"100108140","FUCKS TO GIVE JAR","5.00","-","-","5","0","08/31/2026"
"100108454","STUDENT DRIVER MAGNET","2.00","-","-","15","0","08/31/2026"
"100108701","ADULT DTF","3.75","-","RB","60","0","08/31/2026"
"100109097","SLEEPING MAT","15.00","-","RB","2","0","08/31/2026"
"100109439","PLANT IN A JAR","6.00","-","-","8","0","08/31/2026"
"100109512","BAGSMART TOILETRY BAG","5.00","-","-","1","0","08/31/2026"
"100109769","VINTAGE CHURCH COOKBOOK","2.00","-","-","6","0","08/31/2026"
"100109791","LIPSTICK","4.00","-","-","1","0","08/31/2026"
"100110013","FUGGLER UGLY MONSTER SURPRISE BOX","1.00","-","-","11","45","08/31/2026"
"100110428","STICKER","0.50","-","-","250","60","08/31/2026"
"100110701","SUCCULENT MAGNET SET OF 12","5.00","-","-","1","0","08/31/2026"
"100110987","COOLING TOWEL","2.00","-","-","19","0","08/31/2026"
"100111113","LABUBU LIP GLOSS","2.00","-","RB","1","0","08/31/2026"
"100111186","MINNIE AND MICKEY IRON ON PATCH SET","4.00","-","-","2","0","08/31/2026"
"100111457","FANCY PANTS BLACK JEANS WITH RHINESTONES","5.00","-","-","2","0","08/31/2026"
"100111813","UNIVERSAL REMOTE","5.00","-","-","2","0","08/31/2026"
"100111827","DADS ICE-CREAM SPOON","1.99","-","-","3","1","08/31/2026"
"100111885","KIDS FLANNEL","15.00","40% OFF","-","3","0","08/31/2026"
"100112000","REAR VIEW MIRROR DECAL "" I LOVE YOU DRIVE SAFE""","2.00","-","-","11","0","08/31/2026"
"100112082","HAT","6.50","-","-","1","0","08/31/2026"
"100112232","UNIVERSAL STYLUS PEN","5.00","-","-","1","0","08/31/2026"
"100112281","CORNER BOOK MARKS SET OF 2","3.00","-","-","3","0","08/31/2026"
"100112394","SHIRT","10.00","-","-","0","0","08/31/2026"
"100112476","FASCINATOR HAT VINTAGE PILLBOX HAT","5.00","-","-","1","0","08/31/2026"
"100112516","LIBRA KEYCHAIN","3.00","-","-","0","1","08/31/2026"
"100112598","VINTAGE COOKBOOKS","2.50","-","-","1","0","08/31/2026"
"100112655","OIL DISPENSER","3.00","-","PPC","1","0","08/31/2026"
"100112757","IPAD CASE","10.00","-","-","7","0","08/31/2026"
"100112943","PRESS ON NAIL KITS","3.00","-","-","5","0","08/31/2026"
"100113041","CAR CUP HOLDER COASTERS 2 PACK","3.00","-","-","1","0","08/31/2026"
"100113175","CERAMIC MICROWAVE SAFE BOWL WITH DOME","10.00","-","-","1","0","08/31/2026"
"100113182","SWEATSHIRT","15.00","-","-","1","0","08/31/2026"
"100113183","GRAY CROSSBODY","5.00","-","-","1","0","08/31/2026"
"100113214","SKINNY SYRUP","6.00","-","RB","10","0","08/31/2026"
"100113356","AMERICAN EXCHANGE WATCH WITH REAL LEATHER BAND","20.00","-","-","1","0","08/31/2026"
"100113449","WESTWOLF HAWAIIAN SHIRT","10.00","-","-","4","0","08/31/2026"
"100113484","LIVE PLANT PATHOS IN PLANET POT","8.00","-","Sm","1","0","08/31/2026"
"100113557","BOW SHIRT","12.00","-","-","3","0","08/31/2026"
"100113594","CORNER BOOKMARK EMBROIDERED WITH J","3.00","-","-","1","0","08/31/2026"
"100113740","WINE TUMBLER","10.00","-","RB","1","0","08/31/2026"
"100113833","BRIDE LETTERS","5.00","-","-","2","0","08/31/2026"
"100114027","ANXIETY FIDGET DOUBLE ROLLER","5.00","-","-","9","0","08/31/2026"
"100114184","OVERALLS","10.00","-","-","1","0","08/31/2026"
"100114407","T-SHIRT","5.00","-","-","2","0","08/31/2026"
"100114949","BIG SISTER SHIRT","5.00","-","-","1","0","08/31/2026"
"100115437","ITS FINE IM FINE EVERYTHING IS FINE PATCH EMBROIDERED HOOK AND LOOP PATCH","3.00","-","-","2","0","08/31/2026"
"100115656","JELLYFISH SQUISHY","8.00","-","-","1","0","08/31/2026"
"100115884","GREEN PEAR PURSE CHARM","3.00","-","-","1","0","08/31/2026"
"100116097","MR. MISUNDERSTOOD BLUE RECORD","19.99","-","-","1","0","08/31/2026"
"100116101","2 PC SUMMER OUTFIT","10.00","-","-","2","1","08/31/2026"
"100116248","STICKY PHONE GRIPS","2.50","-","-","4","3","08/31/2026"
"100116415","STICKER PACK","4.00","-","-","86","1","08/31/2026"
"100116422","EYEBROW PEN","3.00","-","-","1","0","08/31/2026"
"100116457","ORANGE PICKY PADS","3.00","-","-","4","0","08/31/2026"
"100116479","STRIPPED PANTS","30.00","-","-","7","0","08/31/2026"
"100116505","KOOZIES","3.00","-","RB","7","0","08/31/2026"
"100116965","RIBBED 2 PC OUTFIT GRAY","18.00","-","-","0","1","08/31/2026"
"100116996","MINI GLOW IN THE DARK MINI PLANT MYSTERY BAG","0.50","-","-","16","13","08/31/2026"
"100117157","WAFFLE KIDS OUTFIT","12.00","-","-","1","0","08/31/2026"
"100117303","GREEN SKIRT","5.00","-","-","1","0","08/31/2026"
"100117715","THREE TIER SHELF","5.00","-","-","1","0","08/31/2026"
"100117720","LONG SLEEVE SHIRT","8.00","-","-","1","0","08/31/2026"
"100117807","COACH TABLET CASE","10.00","-","-","1","0","08/31/2026"
"100118036","GENSHIN IMPACT PINS","2.00","-","-","17","0","08/31/2026"
"100118176","NOTEBOOK","2.99","-","-","8","0","08/31/2026"
"100118374","VIDIBESTY TRAVEL BAG","6.00","-","-","1","0","08/31/2026"
"100118657","BEE KIND HAT","10.00","-","-","1","0","08/31/2026"
"100118752","SWITCH CARRYING CASE","5.00","-","-","1","0","08/31/2026"
"100119247","MAGNETIC BOOKMARK WITH D","2.00","-","-","1","0","08/31/2026"
"100119631","CHARLOTTE TILBURY LIQUID BLUSH","5.00","-","New","1","0","08/31/2026"
"100119645","CIRCLE FIDGET","3.00","-","-","2","0","08/31/2026"
"100119838","CUTICLE REPAIR CREAM FOR NAIL CARE BOTANICALS STRENGTHENER FOR DRY CRACKED NAILS & HANGNAILS","5.00","-","-","2","0","08/31/2026"
"100120391","CORE NEW BUTTONS 3 BUTTONS ICE-CREAM SUNDAY AND COLA","1.50","-","-","1","0","08/31/2026"
"100120585","GLP-1 PATCHES","5.00","-","-","32","8","08/31/2026"
"100120722","KEYCHAIN","3.00","-","-","42","4","08/31/2026"
"100120935","BLUE AND WHITE STRIPED 2 PC OUTFIT","35.00","-","-","2","0","08/31/2026"
"100121163","VINTAGE HOLIDAY CARD","1.00","-","-","29","0","08/31/2026"
"100121362","FIRST FATHERS DAY ONESIE","3.00","-","-","4","0","08/31/2026"
"100121607","SQUISHY HIGHLAND COW","5.00","-","-","1","3","08/31/2026"
"100121627","DICE","3.00","-","-","11","0","08/31/2026"
"100121776","PRIDE KEYCHAIN","1.00","-","-","99","0","08/31/2026"
"100121785","BLACK BUSTIER","12.00","-","-","16","0","08/31/2026"
"100121850","WATER COLOR PAINT SET","5.00","-","-","4","1","08/31/2026"
"100122292","WEEKLY PLANNER NOTEPAD - UNDATED WEEKLY TO DO LIST & HABIT TRACKER - DESK PLANNER PAD WITH 60 SHEETS","8.00","-","-","1","0","08/31/2026"
"100122499","KIKO MILANO LASTING MATTE  LIQUID LIP COLOUR","5.00","-","-","1","0","08/31/2026"
"100122512","APPLE WATCH BAND","10.00","-","-","1","0","08/31/2026"
"100122530","BABY ONESIE","2.99","-","-","13","0","08/31/2026"
"100122808","HACKY SAC","2.00","-","-","4","0","08/31/2026"
"100122871","GOLD E EARRINGS","3.00","-","-","2","0","08/31/2026"
"100122919","FLAG BAG","10.00","-","-","1","0","08/31/2026"
"100123145","MAGNAMAN TSHIRT","10.00","-","-","6","0","08/31/2026"
"100123302","MINI  WINE GLASS CANDLES IN A BAG","1.00","-","-","2","0","08/31/2026"
"100123416","NAIL SET","5.00","-","-","3","0","08/31/2026"
"100123462","TIE-DYED CRAYON","1.25","-","-","4","1","08/31/2026"
"100123981","SET OF 4 FAMILY COASTERS","2.99","-","-","5","0","08/31/2026"
"100124111","VINTAGE RALPH LAUREN CORDUROY BLAZER","30.00","-","-","1","0","08/31/2026"
"100124506","LEAF POEM LIPSTICK","4.00","-","New","1","0","08/31/2026"
"100124672","SPORTS BRA","10.00","-","-","1","0","08/31/2026"
"100124723","VINTAGE ART DECO VASE","5.00","-","-","1","0","08/31/2026"
"100124751","FAMOUS AMOS COLLECTIBLE TIN PINOCCHIO","4.00","-","-","1","0","08/31/2026"
"100124849","CROSSBODY","10.00","-","-","3","0","08/31/2026"
"100125483","LIP GLOSS PACK","5.00","-","-","1","0","08/31/2026"
"100125554","ALL GOOD THINGS SIGN","6.00","-","-","1","0","08/31/2026"
"100125660","BAMBO IN PATRON BOTTLE","10.00","-","-","1","0","08/31/2026"
"100126645","DRESS WITH CROCHET BELT","10.00","-","-","4","0","08/31/2026"
"100126715","HANDMADE ADULT EARRINGS","4.00","-","-","1","0","08/31/2026"
"100126864","VINTAGE CLEAR GLASS BOTTLE CARAFE DECANTER WITH LID","5.00","-","-","1","0","08/31/2026"
"100127556","LETTER E NECKLACE","3.00","-","-","1","0","08/31/2026"
"100127578","BABY BLANKETS","8.00","-","-","2","0","08/31/2026"
"100127912","GOLDEN GIRLS CARD","1.25","-","-","26","8","08/31/2026"
"100127929","VINTAGE DIGITAL WATCH","10.00","-","-","1","1","08/31/2026"
"100127967","AE WOMENS BOYFRIEND SHORTS","10.00","-","-","1","0","08/31/2026"
"100128402","SQUEEZY DUMPLING","7.00","-","-","13","11","08/31/2026"
"100128479","ITCH RELIEF PATCHES","4.00","-","-","4","0","08/31/2026"
"100128511","BRIDE GLASS CUP","5.00","-","-","1","0","08/31/2026"
"100128744","GIRL GIRLS NIGHT NAUGHTY EDITION CARD GAME","4.00","-","-","1","0","08/31/2026"
"100128945","CALENDAR","2.50","-","-","6","0","08/31/2026"
"100129730","DECORATIVE KITCHEN TOWEL","2.50","-","-","17","4","08/31/2026"
"100129994","PERFUME","2.99","-","-","1","0","08/31/2026"
"100130065","NECKLACE","10.00","-","RB","13","0","08/31/2026"
"100130086","IN MY 1 YEAR OLD ERA SHIRT","5.00","-","-","2","0","08/31/2026"
"100130419","SWEATSHIRT","12.00","40% OFF","-","5","0","08/31/2026"
"100130440","LAVENDER ESSENTIAL OIL HANDMADE SOAP","4.00","-","-","2","0","08/31/2026"
"100130694","SET OF 2 MAGNETIC BOOKMARKS","2.00","-","-","1","0","08/31/2026"
"100130772","FLAG HEADBAND","2.00","-","-","2","0","08/31/2026"
"100130823","BLACK COMBAT BOOTS","15.00","-","-","1","0","08/31/2026"
"100131225","VINTAGE HUA RONG TANG ZHI HAND PAINTED PORCELAIN PLATE","20.00","-","-","1","0","08/31/2026"
"100131227","BLUE TANK","5.00","-","-","1","0","08/31/2026"
"100131228","MAGNET","1.00","-","-","6","0","08/31/2026"
"100131385","TAHAN TROPICAL LEAF INSULATED LUNCH","12.00","-","-","1","0","08/31/2026"
"100131482","ALCOHOL GLASS","5.00","-","-","1","0","08/31/2026"
"100131491","BEE HAIR PIN","1.25","-","-","4","0","08/31/2026"
"100131519","ENJOY THE GOOD TIMES CANDLE","3.00","-","-","3","0","08/31/2026"
"100131591","WINE BOTTLE BAG","1.00","-","-","37","0","08/31/2026"
"100131943","PANTS","15.00","-","-","2","0","08/31/2026"
"100132320","CARD PORTFOLIO","5.00","-","-","2","0","08/31/2026"
"100132437","FLOATING TURTLE PEN SET","5.00","-","-","9","0","08/31/2026"
"100132475","SPICY COUPLES DRINKING GAME","3.00","-","-","8","0","08/31/2026"
"100132528","COUPLE DICES GAME WITH GAME BOARD","6.00","-","-","2","0","08/31/2026"
"100132581","I CANT GET UP SOCKS","2.99","-","-","1","0","08/31/2026"
"100133098","THE TIME BOX NOTEBOOK","5.00","-","-","2","0","08/31/2026"
"100133120","PUZZLE","5.00","-","-","1","1","08/31/2026"
"100133402","CAN TAB OPENERS / COVER","1.50","-","-","39","41","08/31/2026"
"100133409","MICHAEL PHOTO","10.00","-","-","2","0","08/31/2026"
"100133473","FLANNEL UPCYCLED ADULT","30.00","40% OFF","-","33","4","08/31/2026"
"100134037","MIDDLE FINGER","0.50","-","-","22","14","08/31/2026"
"100134104","CLEARANCE T-SHIRT","8.00","-","-","10","0","08/31/2026"
"100134247","HEADBAND","3.00","-","New","7","3","08/31/2026"
"100134434","MAGNETIC HAT HOLDER FOR BAG","5.00","-","-","1","0","08/31/2026"
"100134435","LAUGH AND YOUR OUT GAME","5.00","-","-","1","0","08/31/2026"
"100134958","I WOULD RATHER SOCKS","2.50","-","-","8","1","08/31/2026"
"100135152","ANIMAL FRIDGE MAGNETS","5.00","-","-","1","0","08/31/2026"
"100135290","DEEP BEIGE FINISHING POWDER","5.00","-","-","5","0","08/31/2026"
"100135413","YOU ARE ENOUGH SHIRT","12.00","-","-","4","0","08/31/2026"
"100135615","IF YOU CAN READ THIS SOCKS BRING ME SOME WINE SOCKS","2.99","-","-","3","0","08/31/2026"
"100135705","I HATE PEOPLE STICKER","4.00","-","-","1","0","08/31/2026"
"100135874","MAGNETIC BUD VASE","2.00","-","-","4","0","08/31/2026"
"100136126","MATCHING SET TAN","15.00","-","-","1","0","08/31/2026"
"100136128","BOWL HOLDER","2.99","-","PPC","2","0","08/31/2026"
"100136136","SET OF 3 WOVEN BIBS WITH DESIGNS","10.00","-","-","2","0","08/31/2026"
"100136402","FAKE LOTTERY TICKET","1.50","-","PPC","10","0","08/31/2026"
"100136729","PURPLE SMOOTHIE SLIME","5.00","-","-","1","0","08/31/2026"
"100136807","HANDMADE CARD","2.25","-","-","92","14","08/31/2026"
"100136920","PICTURE FRAME WITH BURLAP BOW","5.00","-","-","1","0","08/31/2026"
"100136966","BLUSH STICK","4.50","-","-","0","0","08/31/2026"
"100137105","KIDS OUTFIT 2","15.00","-","-","1","0","08/31/2026"
"100137143","RECLAIMED BARN WARD C SIGN","8.00","-","-","1","0","08/31/2026"
"100137224","BARBRA STREISANDS GREATEST HITS","5.00","-","-","1","0","08/31/2026"
"100137475","COFFEE CUP","3.00","-","-","7","1","08/31/2026"
"100137512","STUFFED ANIMAL","3.00","-","-","31","2","08/31/2026"
"100137534","CORD MANAGEMENT","3.00","-","-","5","0","08/31/2026"
"100137547","I LOVE YOU NECKLACE","5.00","-","-","3","0","08/31/2026"
"100137938","STITCH LIP OIL","3.00","-","RB","2","0","08/31/2026"
"100138258","MYSTIC DAN BOBBLEHEAD COLLECTIBLE FIGURE NEW IN BOX","30.00","-","-","2","0","08/31/2026"
"100138336","MAGNET","2.00","-","-","1","3","08/31/2026"
"100138436","GEL INK PEN SET","5.00","-","-","1","0","08/31/2026"
"100138697","MAGIC SCRATCH NOTEBOOK","6.50","-","-","1","0","08/31/2026"
"100138727","FIVE CROWNS GAME","5.00","-","-","1","0","08/31/2026"
"100138952","SET OF 3 TRAVEL BAGS","12.00","-","-","2","0","08/31/2026"
"100139130","3 PC ST. PATRICKS DAY OUTFIT","10.00","-","-","1","0","08/31/2026"
"100139134","GREEN DRESS","15.00","-","-","1","0","08/31/2026"
"100139283","SLIME IN HEART CONTAINER","1.00","-","-","6","0","08/31/2026"
"100139357","FOOD DICE","3.00","-","-","6","0","08/31/2026"
"100139495","SHEGLAM MAKEUP","5.00","-","New","1","0","08/31/2026"
"100139625","PAPER PUPS","5.00","-","-","2","0","08/31/2026"
"100139648","CHOCOLATE CHIP COOKIE","2.00","-","-","18","19","08/31/2026"
"100139669","BIBS","3.99","-","-","2","0","08/31/2026"
"100139891","FAME GUN SUPREME GAMING MOUSE","10.00","-","-","1","0","08/31/2026"
"100139910","ONION CUTTER","3.50","-","-","2","0","08/31/2026"
"100139936","DECORATIVE PILLOW","6.00","-","-","3","0","08/31/2026"
"100140168","RED CHECKED CROSSBODY","12.00","-","-","1","0","08/31/2026"
"100140218","METAL BOOKMARK","5.00","-","-","3","0","08/31/2026"
"100140304","CHUCHU NAIL GROWTH SERUM","3.00","-","-","3","0","08/31/2026"
"100140387","M NECKLACE","4.00","-","-","7","0","08/31/2026"
"100140445","TOM GATES THAT ME BOOKS","10.00","-","-","1","0","08/31/2026"
"100141167","BLESSED TO HAVE A GRANDMA GIFT SET","3.99","-","-","2","0","08/31/2026"
"100141461","FLORAL AWAKENINGS PERFUM","4.00","-","-","1","0","08/31/2026"
"100141930","2 PC PJ SET","18.00","-","-","3","0","08/31/2026"
"100141950","LETTERED BLUE ""H"" BAG","5.00","-","-","1","0","08/31/2026"
"100142062","DOG SQUISHY","7.50","-","-","7","1","08/31/2026"
"100142084","CHARGING CORD","3.00","-","-","1","0","08/31/2026"
"100144342","ALPHA O HAT","5.00","-","-","1","0","08/31/2026"
"100144400","ANXIETY FIDGET SINGLE","3.00","-","-","6","1","08/31/2026"
"100144408","I LOVE MY CAT BRACELET AND MATCHING CAT CHARM","8.00","-","-","1","0","08/31/2026"
"100144805","CAPYBARA SQUISHY","4.00","-","-","2","0","08/31/2026"
"100144931","LETTERED TRAVEL BAGS","8.00","-","-","4","0","08/31/2026"
"100144932","WHITE CROCHET SHIRT","5.00","40% OFF","-","1","0","08/31/2026"
"100145054","EARRINGS","3.00","-","RB","49","9","08/31/2026"
"100145073","KIDS NECKLACE AND EARRING SET","3.00","-","RB","3","0","08/31/2026"
"100145246","BRACELET","1.99","-","-","1","0","08/31/2026"
"100145698","LIP GLOW OIL CHERRY OIL INFUSED","3.00","-","-","1","0","08/31/2026"
"100145743","PLAID PJ SET","8.00","-","-","1","0","08/31/2026"
"100145806","VINTAGE MID-CENTURY JAPANESE REDWARE TEAPOT","25.00","-","-","1","0","08/31/2026"
"100145996","WOMENS SHORTS","10.00","-","-","5","1","08/31/2026"
"100146111","PURPLE COLUMBIA SHIRT","8.00","-","-","1","0","08/31/2026"
"100146295","WHAT WOULD YOU CHOOSE CARD GAME","5.00","-","-","2","0","08/31/2026"
"100146549","LEATHER WRAP BRACELET BOHO LEOPARD","5.99","-","-","2","0","08/31/2026"
"100146818","POUNT PERFECT SHINE LIP PLUMPER","4.50","-","-","8","0","08/31/2026"
"100146847","CAT SOCKS","3.00","-","-","1","2","08/31/2026"
"100146904","WIFI CAMERA","4.00","-","-","1","0","08/31/2026"
"100146999","GAMER SOCKS","4.00","-","-","1","0","08/31/2026"
"100147345","LIVE PLANT ALOE VERA IN GRAY POT","15.00","-","-","1","0","08/31/2026"
"100147994","LEAF BASKET","5.00","-","-","1","0","08/31/2026"
"100148302","MOON SUN CATCHER","7.00","-","-","1","0","08/31/2026"
"100148460","VINTAGE COOKBOOK","4.00","-","-","5","0","08/31/2026"
"100148839","CROCHET ANIMALS","3.50","-","-","39","3","08/31/2026"
"100149263","PINK DRESS","15.00","-","-","1","0","08/31/2026"
"100149526","NORTHFACE BACKPACK","30.00","-","RB","1","0","08/31/2026"
"100149626","JUMPSUIT","20.00","-","-","4","0","08/31/2026"
"100149856","GOLF DIVOT REPAIR TOOL WITH BEAVER","1.99","-","-","1","0","08/31/2026"
"100149905","VINCE CAMUTO SCARF","8.00","-","-","1","0","08/31/2026"
"100149919","WANTED AND WILD KIDS SHIRT","6.00","-","-","1","0","08/31/2026"
"100150168","DONT BE THE LAST GAME","5.00","-","-","1","0","08/31/2026"
"100150268","ITS A GREAT DAY TO READ A BOOK REUSABLE BAG","4.00","-","-","1","0","08/31/2026"
"100150705","MYSTERY ANIMAL BAG","0.50","-","-","61","9","08/31/2026"
"100150732","DOG COLLAR","5.00","-","RB","1","0","08/31/2026"
"100150794","RAZORBACK AMERICAN","15.00","-","Sm","1","0","08/31/2026"
"100150895","VINTAGE STYLE FATHERS DAY CARD","1.00","-","-","19","0","08/31/2026"
"100151391","HANDMADE LEATHER KNIFE BELT SHEATH HANDMADE LEATHER KNIFE BELT SHEATH","5.00","-","-","3","0","08/31/2026"
"100151527","WHITECOAT CLIPBOARD FOR NURSES","15.00","-","-","1","0","08/31/2026"
"100151733","GUATEMALA KEY CHAIN","2.99","-","-","3","0","08/31/2026"
"100151811","GIRL CODE GAME","5.00","-","-","1","0","08/31/2026"
"100151820","HYALURONIC ACID SERUM FOR DEEP HYDRATION","5.00","-","-","1","0","08/31/2026"
"100151977","SET OF PENS","4.00","-","-","1","1","08/31/2026"
"100152027","MOTHER KEYCHAIN","1.00","-","-","21","0","08/31/2026"
"100152086","BLACK RADIANCE PERFECT TONE LIP GLOSS","2.25","-","-","3","0","08/31/2026"
"100152155","COACH BLUE SHOES","20.00","-","-","1","0","08/31/2026"
"100152200","AVIATOR BLUE LIGHT GLASSES","10.00","-","-","1","0","08/31/2026"
"100152306","KIDS SHOES","10.00","-","RB","0","0","08/31/2026"
"100152492","CLEAR FANNY","4.00","-","RB","1","0","08/31/2026"
"100152798","TURNING 50 BUNDLE","5.00","-","-","1","0","08/31/2026"
"100153068","F.B. ROGERS SILVERPLATED OVAL SERVING DISH WITH LID","7.50","-","-","1","0","08/31/2026"
"100153130","ALL SCREWED UP GAME","5.00","-","-","1","0","08/31/2026"
"100153464","SNOWFLAKE SUN CATCHER","2.99","-","-","2","0","08/31/2026"
"100153661","WHITE PEDDLED SALT CELLAR","2.99","-","-","1","0","08/31/2026"
"100153813","BEST-TEA KEYCHAIN SET","5.00","-","-","1","0","08/31/2026"
"100153917","CUBE SQUISHY","7.50","-","-","17","1","08/31/2026"
"100154021","HAWAIIAN SHIRT YELLOW","10.00","40% OFF","-","1","0","08/31/2026"
"100154629","STITCH BACKPACK","8.00","-","-","2","0","08/31/2026"
"100154697","GREEN CORRECTING FACE PRIMER FOR BRIGHTEN NEUTRALIZES UNEVEN SKIN TONE AND FACIAL REDNESSGRIPS MAKEUP BASE FOR LONG-LASTING WEAR","8.00","-","-","1","0","08/31/2026"
"100154790","ZEESEA PRESS POWDER","6.00","-","-","1","0","08/31/2026"
"100154904","PAINT BY NUMBER","4.00","-","-","6","0","08/31/2026"
"100155071","BROWN LARGE MOUSE PAD","3.00","-","-","1","0","08/31/2026"
"100155172","CROSSBODY","3.99","-","-","2","0","08/31/2026"
"100155265","BLEACHED LONG SLEEVE ""GAME DAY"" SHIRT","10.00","-","-","1","0","08/31/2026"
"100155293","VINTAGE CANDLE STICK","10.00","-","-","1","0","08/31/2026"
"100155823","VINTAGE PURSE CALCULATOR","1.50","-","-","1","0","08/31/2026"
"100156088","FRESHIE","5.00","-","RB","2","0","08/31/2026"
"100156251","CLEAR BACKPACKS","5.55","-","-","2","0","08/31/2026"
"100156734","LABUBU MAKEUP SET SPRAY","3.00","-","RB","4","0","08/31/2026"
"100156771","BOW SLIPPERS","10.00","-","-","1","0","08/31/2026"
"100156801","PAINT BY NUMBER LANDSCAPE","4.00","-","-","2","0","08/31/2026"
"100156918","SILVER BOWL","5.00","-","PPC","1","0","08/31/2026"
"100157515","LITTLE MISS SASSY PANTS OUTFIT","12.00","-","-","1","0","08/31/2026"
"100157891","PEARL NECKLACE","3.00","-","-","1","0","08/31/2026"
"100158071","SALT AND PEPPER SHAKERS","3.00","-","-","1","0","08/31/2026"
"100158285","SMART FINDER SET OF 4","10.00","-","-","1","0","08/31/2026"
"100158322","CRASH THE PARTY GAME","5.00","-","new","1","0","08/31/2026"
"100159280","SHOOT FOR THE STARS JAR","4.00","-","-","1","0","08/31/2026"
"100159410","ARKANSAS WATCH AND NECKLACE","8.00","-","-","1","0","08/31/2026"
"100159912","DUCK SQUISHY","6.00","-","-","4","1","08/31/2026"
"100159994","POSITIVE PILL","5.00","-","-","1","0","08/31/2026"
"100160107","STRIPED 2 PC OUTFIT","30.00","-","-","1","0","08/31/2026"
"100160145","DOG SPOON HOLDER","1.99","-","-","2","0","08/31/2026"
"100160257","BRACELET PACK","3.00","-","-","1","0","08/31/2026"
"100160327","MINI GLOW IN THE DARK ANIMAL MYSTERY BAG","0.50","-","-","48","1","08/31/2026"
"100160605","TSHIRT","12.00","-","-","7","0","08/31/2026"
"100160663","HAPPY TEARS EMBROIDERED HANKY","4.00","-","-","6","0","08/31/2026"
"100160684","WOVEN PURSE","5.00","-","-","1","0","08/31/2026"
"100161083","RING SET","3.00","-","RB","1","1","08/31/2026"
"100161126","TEACHER CUP","6.00","-","-","1","0","08/31/2026"
"100161266","TENTS","5.00","-","RB","1","0","08/31/2026"
"100161816","BOOKMARK","3.00","-","RB","1","0","08/31/2026"
"100162010","SINGLE AIR FRESHENER","1.25","-","-","14","0","08/31/2026"
"100162029","HANDMADE SHOWER STEAMER","1.00","-","-","6","0","08/31/2026"
"100162200","GARTH BROOKS CD SET","7.50","-","-","1","0","08/31/2026"
"100162241","CECES HANDMADE BRACELETS","3.00","-","-","8","1","08/31/2026"
"100162265","SIMPLE WISH PATCHWORK BAG","2.99","-","-","1","0","08/31/2026"
"100162500","JEWELRY","3.00","-","BC","250","0","08/31/2026"
"100162666","HAWAIIAN PINEAPPLE SHIRT","10.00","-","-","3","0","08/31/2026"
"100163005","PILLOW","5.00","-","-","1","0","08/31/2026"
"100163137","FLAT HAIR CLIPS","3.50","-","-","2","1","08/31/2026"
"100163355","3D PRINTED DRAGON EGG","3.00","-","-","6","0","08/31/2026"
"100163610","STEAM EYE MASK","1.50","-","-","3","0","08/31/2026"
"100163909","SKINNY SYRUP FALL PACKS","15.00","-","RB","1","0","08/31/2026"
"100164017","BATHROOM SIGN","1.99","-","-","1","0","08/31/2026"
"100164090","ADIDAS SHIRT","5.00","-","-","1","0","08/31/2026"
"100164281","LEATHER PANTS","10.00","-","-","1","0","08/31/2026"
"100164390","SPICE ESSENTIAL OIL SET OF 8","10.00","-","-","1","0","08/31/2026"
"100164475","MINI PICTURE FRAME","1.25","-","-","2","1","08/31/2026"
"100164670","PURPLE GIRLS SWIMSUIT","5.00","-","-","1","0","08/31/2026"
"100164876","GLASS CUP","5.00","-","RB","5","0","08/31/2026"
"100165166","KITTEN LOVE SOCKS","1.00","-","-","1","0","08/31/2026"
"100165970","BLACK HALF SHIRT","5.00","-","-","1","0","08/31/2026"
"100166049","LIP STICK","4.00","-","-","2","0","08/31/2026"
"100166260","UNDATED WEEKLY PLANNER","5.00","-","-","1","0","08/31/2026"
"100166278","SKIN CARE HEADBAND SET","8.00","-","New","1","0","08/31/2026"
"100166339","FROG WITH GLASSES CANVAS","12.00","-","-","1","0","08/31/2026"
"100166564","FOR THE GIRLS GAME","5.00","-","New","2","0","08/31/2026"
"100166614","BUTTERFLY JOURNAL","10.00","-","-","3","0","08/31/2026"
"100166649","NIPPLE COVERS","2.00","-","-","4","0","08/31/2026"
"100166726","ELVIS PHOTO","10.00","-","-","1","0","08/31/2026"
"100167035","AIRTAG WALLET","5.00","-","-","4","0","08/31/2026"
"100167133","POLKA DOT PRINT PANTS","30.00","-","-","3","1","08/31/2026"
"100167392","JEANS","6.00","-","-","3","0","08/31/2026"
"100167457","STICKER SCENE BOOK","3.00","-","-","12","0","08/31/2026"
"100167897","BRASS LAMP","15.00","-","-","1","0","08/31/2026"
"100167969","FLAG HAT","10.00","-","-","2","0","08/31/2026"
"100168225","LEATHER MENS BELT","5.00","-","Sm","1","0","08/31/2026"
"100168396","SMALL GIFT BAG","1.50","-","-","8","0","08/31/2026"
"100168402","SQUEEZE EYE POPPING KEY CHAIN","1.00","-","-","6","4","08/31/2026"
"100168697","PIGGY BANK","4.00","-","-","1","0","08/31/2026"
"100168828","STAINED GLASS MOSAIC CANDLE HOLDER","5.00","-","-","1","0","08/31/2026"
"100169051","PURPLE FLOWER CROCHET BOUTIQUE","5.00","-","-","1","0","08/31/2026"
"100169169","SET OF 2 STICKY NOTES","1.00","-","-","4","0","08/31/2026"
"100169385","BADASS AFFIRMATION CARDS - DAILY MOTIVATIONAL AND INSPIRATIONAL CARDS","5.00","-","-","6","0","08/31/2026"
"100169760","SHEET MUSIC PHOTO","10.00","-","-","1","0","08/31/2026"
"100169785","CAR SUNCHATCHER","5.00","-","-","3","0","08/31/2026"
"100169811","PINK PJ SET","8.00","-","-","2","1","08/31/2026"
"100170235","LAPTOP PUFFER TOTE BAG","20.00","-","-","1","0","08/31/2026"
"100170700","HAIR PERFUME","5.00","-","-","1","0","08/31/2026"
"100170876","ALCOHOL BOTTLE LAMP","20.00","-","-","2","0","08/31/2026"
"100170947","EYELASHES","5.00","-","-","1","0","08/31/2026"
"100170962","BRACELET","3.00","-","-","1","0","08/31/2026"
"100171075","BUTTER SQUISHY","4.00","-","-","9","4","08/31/2026"
"100171092","IRON ON PATCHES","1.99","-","-","50","4","08/31/2026"
"100171286","THE TRYLLE SERIES","6.00","-","-","1","0","08/31/2026"
"100171709","METAL BRAIN TEASER","3.00","-","-","5","0","08/31/2026"
"100171776","SALT SHAKER TASSELS","8.00","-","-","4","0","08/31/2026"
"100171884","CLEARANCE FLANNEL","30.00","-","-","10","0","08/31/2026"
"100171925","IM NOT SLEEPING SOCKS","2.99","-","-","4","0","08/31/2026"
"100171989","HAIR BOW","3.00","-","-","9","0","08/31/2026"
"100172412","BETH MOORE PORTRAITS OF DEVOTION BOOK","4.00","-","-","1","0","08/31/2026"
"100172576","DOCUMENT ENVELOP","3.00","-","-","2","0","08/31/2026"
"100172602","BUTTERFLY NECKLACE","3.00","-","-","3","0","08/31/2026"
"100172648","ENAMEL PIN","3.00","-","-","6","4","08/31/2026"
"100172677","CREDIT CARD SKIN","1.50","-","-","8","1","08/31/2026"
"100172853","DARLING CANDLE HOLDER","2.00","-","-","3","0","08/31/2026"
"100172956","SWIG STRAWS","4.00","-","RB","1","0","08/31/2026"
"100173050","MY LITTLE LITE TSHIRT","10.00","40% OFF","-","1","0","08/31/2026"
"100173053","JEWELRY SET 2-3 PIECES","5.00","-","BC","30","0","08/31/2026"
"100173793","MAGSAFE WALLET","5.00","-","-","0","1","08/31/2026"
"100174271","ZEALSEA MAGICAL SKINCARE FACE MASK","5.00","-","-","1","0","08/31/2026"
"100174436","CARD HOLDERS","1.50","-","-","1","0","08/31/2026"
"100174544","VINTAGE KINGS PATTERN SLIVER SALAD SERVER","10.00","-","-","1","0","08/31/2026"
"100174716","PIMPLE PATCH","3.00","-","-","4","0","08/31/2026"
"100174736","3UP 3DOWN CARD GAME","5.00","-","-","1","0","08/31/2026"
"100174769","SMALL LIVE PLANT","5.00","-","Sm","7","0","08/31/2026"
"100174860","WOMEN ASK WOMEN ANSWER BOOK","5.00","-","-","1","0","08/31/2026"
"100174864","FLAG SHIRT","15.00","-","-","2","0","08/31/2026"
"100175257","GIRLS SWIMSUIT","4.00","-","-","1","0","08/31/2026"
"100175453","WOMEN CARRYING WATER","5.00","-","-","1","0","08/31/2026"
"100175640","HEART BAG CHARMS ? 18K REAL GOLD PLATED SOLID BRASS HEART KEYCHAINS","6.00","-","-","1","0","08/31/2026"
"100175702","YAPPY BRACELET","2.50","-","PPC","1","0","08/31/2026"
"100175732","CLIPPER SET","6.00","-","-","1","0","08/31/2026"
"100175764","PINK BAG SMALL","4.00","-","-","5","1","08/31/2026"
"100176060","LUGGAGE TAGS","5.00","-","RB","4","0","08/31/2026"
"100176425","KIDS PANTS","6.00","-","-","2","1","08/31/2026"
"100176464","LARGE ALCOHOL BOTTLE LAMP","25.00","-","-","1","0","08/31/2026"
"100176674","MOTHERS DAY ONSIE","2.99","-","-","2","0","08/31/2026"
"100176755","GAMEDAY SHIRT","20.00","-","-","3","1","08/31/2026"
"100176778","BLUE EYESHADOW","3.00","-","-","1","0","08/31/2026"
"100177100","POSITIVE POTATO SANTA","5.00","-","-","1","0","08/31/2026"
"100177237","SPACE SAVING HANGERS SET OF 3","3.00","-","-","1","0","08/31/2026"
"100177355","LAPTOP SLEEVE","8.00","-","-","1","0","08/31/2026"
"100177532","SHORT WOMENS BOOTS","5.00","-","RB","2","0","08/31/2026"
"100178149","LOADED TEA POWDERS","3.00","-","New","18","31","08/31/2026"
"100178263","GINGHAM PANTS","30.00","-","-","8","0","08/31/2026"
"100178426","RED SWEATER","5.00","-","-","1","0","08/31/2026"
"100178862","JUST ONE MORE PAGE MAGNET BOOKMARK","4.00","-","-","1","1","08/31/2026"
"100179087","LIP TINT","3.00","-","-","2","0","08/31/2026"
"100179119","OLD LADY COSTUME","10.00","-","-","1","0","08/31/2026"
"100179402","INSPIRE BIBLE","20.00","-","-","1","0","08/31/2026"
"100179492","LAPIS LAZULI ANXIETY RELIEF BRACELET","3.50","-","-","1","0","08/31/2026"
"100179607","SLEEP SACK","10.00","-","-","2","0","08/31/2026"
"100179670","POP MUSIC BATTLE CARD GAME","10.00","-","-","1","0","08/31/2026"
"100179979","MOMMA BAG","10.00","-","-","4","0","08/31/2026"
"100179985","VINTAGE MCCALLS COOKBOOK","5.00","-","-","1","0","08/31/2026"
"100180487","BABY SHOWER KIT","5.00","-","-","4","0","08/31/2026"
"100180562","BABY OUTFIT","10.00","-","-","22","1","08/31/2026"
"100180905","JUST ONE MORE PAGE CAT BOOK HOLDER","2.00","-","-","2","2","08/31/2026"
"100181160","ONESIE SET","3.00","-","-","8","0","08/31/2026"
"100181656","TRINKET BOX","4.00","-","-","1","0","08/31/2026"
"100181976","SCRATCH OFF DATE NIGHT","3.00","-","-","7","1","08/31/2026"
"100181998","PICKY PAD FIDGET","3.00","-","-","15","0","08/31/2026"
"100182070","BOOK LOVER SHIRT","10.00","-","-","1","0","08/31/2026"
"100182411","DRINK APRON","5.00","-","-","1","0","08/31/2026"
"100182712","DATING DICE","3.00","-","-","1","0","08/31/2026"
"100182977","LETTER NECKLACE","4.00","-","-","6","1","08/31/2026"
"100183160","PURPLE MAKEUP BAG","8.00","-","-","1","0","08/31/2026"
"100183484","BRACELET","3.00","-","RB","13","1","08/31/2026"
"100183563","BLUE JEAN POT HOLDER","5.00","-","MS","7","2","08/31/2026"
"100183653","WOMENS BLACK RAIN BOOTS","10.00","-","-","1","0","08/31/2026"
"100183664","WHERE IS THE LIE CARD GAME","4.00","-","-","1","0","08/31/2026"
"100183703","KIDS COLORING CALENDAR","5.00","-","-","2","0","08/31/2026"
"100183720","BOOKMARK","2.00","-","-","42","1","08/31/2026"
"100184077","CREAM COLORED BACKPACK","20.00","-","-","1","0","08/31/2026"
"100184141","SUNGLASSES","10.00","-","-","2","0","08/31/2026"
"100184192","CURLING TOOL","5.00","-","-","1","0","08/31/2026"
"100184257","JOKES CALENDAR","4.00","-","-","1","0","08/31/2026"
"100184292","GRAY STRIPED PATCHWORK SHIRT","25.00","-","-","2","1","08/31/2026"
"100184376","JEWELRY JAR","10.00","-","-","0","0","08/31/2026"
"100184556","PERFUME STICK SPRAY","5.00","-","RB","2","0","08/31/2026"
"100184582","LEOPARD PRINT WIDE LEG PANTS","30.00","-","-","2","0","08/31/2026"
"100184743","COASTERS","2.99","-","RB","1","0","08/31/2026"
"100185294","THANK YOU FOR BEEING.... KEYCHAIN","4.00","-","-","2","0","08/31/2026"
"100185593","PAINT BRUSH SET","20.00","-","-","1","0","08/31/2026"
"100185679","PILLOW CASE","3.00","-","-","1","0","08/31/2026"
"100185862","AELCIYUE TIE CLIPS "" BEST BOSS""","3.00","-","-","1","0","08/31/2026"
"100186140","DAILY BIBLE VERSE BRACELET","2.00","-","-","3","0","08/31/2026"
"100186211","JUST A BOY THAT LOVES GAMING","2.99","-","-","1","0","08/31/2026"
"100186234","PINK MIRACLE SHOE CLEANER KIT","8.00","-","-","1","0","08/31/2026"
"100186493","FROG BROOCH","6.00","-","-","1","0","08/31/2026"
"100186512","ICE COFFEE CUPS","2.00","-","-","7","0","08/31/2026"
"100186552","MINI TEA CUP PLANTS","3.99","-","-","3","0","08/31/2026"
"100187019","CARD","2.00","-","-","9","0","08/31/2026"
"100187157","ADIDAS SOCCER JERSEY","10.00","-","-","1","0","08/31/2026"
"100187267","AI VOICE RECORDER","10.00","-","-","1","0","08/31/2026"
"100187949","LARGE 3D PRINTED DRAGON EGGS WITH A DRAGON","4.00","-","-","3","1","08/31/2026"
"100188096","IN MY NURSE ERA STICKER","2.00","-","-","1","0","08/31/2026"
"100188146","THE SWISS FAMILY ROBINSON VINTAGE BOOK","5.00","-","-","1","0","08/31/2026"
"100188151","DECORATIVE PEN","2.00","-","-","3","0","08/31/2026"
"100188632","CHICKEN WITH SUCCULENT","8.00","-","-","2","1","08/31/2026"
"100188685","WAFFLE WEAVE TOTE BAG","15.00","-","-","1","0","08/31/2026"
"100188756","CORE NEW BUTTONS 3 BUTTONS ICE-CREAM SMILEY FACE AND SMACK","1.50","-","-","1","0","08/31/2026"
"100189051","FAMOUS AMOS COLLECTIBLE TIN MICKY MOUSE","4.00","-","-","1","0","08/31/2026"
"100189076","BABY HEYDUDES","20.00","-","RB","1","0","08/31/2026"
"100189626","BOW NECKLACE","1.99","-","-","1","0","08/31/2026"
"100189628","PUG PUZZLE","5.00","-","-","1","0","08/31/2026"
"100189658","BE STILL AND KNOW SHIRT","30.00","-","-","1","0","08/31/2026"
"100189721","1985 VINTAGE GLASS CUP","5.00","-","-","1","0","08/31/2026"
"100189835","LIZARD PHOTO","12.00","-","-","3","0","08/31/2026"
"100189905","SET OF 24 MARKERS","3.00","-","-","3","0","08/31/2026"
"100190110","LARGE CHEESE SQUISHY","15.00","-","-","10","0","08/31/2026"
"100190182","BADGE REEL","2.00","-","-","21","3","08/31/2026"
"100190603","BRUSH CLEANER","2.00","-","RB","3","0","08/31/2026"
"100190662","SMALL PICTURE FRAME","2.99","-","-","2","0","08/31/2026"
"100190737","PRESSED CARNATION NECKLACE","12.00","-","-","1","0","08/31/2026"
"100190864","DIAMOND ART","5.00","-","-","2","0","08/31/2026"
"100190990","FRAME MAGNET","3.00","-","-","8","4","08/31/2026"
"100191282","FLANNEL CUSTOMIZATION","20.00","-","-","0","0","08/31/2026"
"100191927","DRESS","15.00","-","-","9","0","08/31/2026"
"100192183","LIVE PLANT ALOE VERA IN BLUE AND WHITE POT","10.00","-","-","1","0","08/31/2026"
"100192302","DAD WALLET CARD","2.00","-","-","15","0","08/31/2026"
"100192460","DECOMPRESS AND RELAX MAGNET FIDGET (SMALL)","3.00","-","-","1","5","08/31/2026"
"100192478","DATE UNDER THE STARS SCRATCH OFF CARDS","3.00","-","-","1","0","08/31/2026"
"100192773","ART YOU POOPING SIGN","3.00","-","-","2","0","08/31/2026"
"100192799","BURTS BEE LIP BALM","6.50","-","-","1","0","08/31/2026"
"100192829","BABY OUTFIT ""ONE""","10.00","-","-","1","1","08/31/2026"
"100192923","WOMENS FLORAL EMBROIDERY SEQUIN EVENING CLUTCH","18.00","-","-","3","0","08/31/2026"
"100193061","SASSABY CABOODLE","20.00","-","-","1","0","08/31/2026"
"100193119","TAKO PORE BLACKHEAD REMOVER SCRUB STICK CHARCOAL & DEAD SEA SALT EXFOLIATOR FOR BLACKHEADS","5.00","-","-","1","0","08/31/2026"
"100193214","SMALL CUTTING BOARD","2.99","-","-","1","0","08/31/2026"
"100193341","TSHIRT","10.00","-","-","26","3","08/31/2026"
"100193408","MINI WET BRUSH","3.50","-","-","6","0","08/31/2026"
"100193639","CLOTH HAIR BOW","5.00","-","RB","9","0","08/31/2026"
"100193994","CALCIUM MULTI BALM STICK KOREAN CALCIUM VOLUME MULTI BALM","5.00","-","-","1","0","08/31/2026"
"100194005","FLOWER BATH LOOFAH","2.00","-","-","8","0","08/31/2026"
"100194054","ORANGE BUNNY","5.00","-","-","1","0","08/31/2026"
"100194248","PHONE CHARM","5.00","-","-","1","0","08/31/2026"
"100194275","HELLO KITTY NAILS","4.00","-","-","1","0","08/31/2026"
"100194329","WATCH","5.00","-","-","1","1","08/31/2026"
"100194726","CROSSBODY BACKPACK","10.00","-","RB","1","0","08/31/2026"
"100194846","GELIKE EC NAIL GROWTH STRENGTHENER","5.00","-","-","1","0","08/31/2026"
"100194952","LULU FANNY","10.00","-","RB","1","0","08/31/2026"
"100194976","CUP WARMER COFFEE CUP","5.00","-","-","2","0","08/31/2026"
"100195044","PURSE STRAP","3.00","-","-","1","0","08/31/2026"
"100195068","WOMENS LONG SLEEVE CINCHED SHIRT","4.50","-","-","6","0","08/31/2026"
"100195144","WHITE SWEATER SHIRT","8.00","-","-","1","0","08/31/2026"
"100195174","SUMMER DRESS","12.00","-","-","2","0","08/31/2026"
"100195508","2026-2027 POCKET CALENDAR WITH BIRDS","1.00","-","-","6","0","08/31/2026"
"100196042","PEEL OFF LIP GLOSS","2.00","-","-","0","1","08/31/2026"
"100196132","GREEN DRESS","15.00","-","-","1","0","08/31/2026"
"100196158","BROWN AND BLACK WALLET","5.00","-","-","4","1","08/31/2026"
"100196534","MINI SAYING MAGNETS","1.25","-","-","35","0","08/31/2026"
"100196710","I WILL STAB YOU SHOT GLASS","1.00","-","-","36","1","08/31/2026"
"100196733","RING HOLDER","5.00","-","-","9","0","08/31/2026"
"100196868","THE CATS HAVE BEEN FED SIGN","5.00","-","-","1","0","08/31/2026"
"100197046","THE FRAGRANCE OF YOUR STORY FRAGRANCE OIL","5.00","-","-","3","0","08/31/2026"
"100197117","DIAPER BAG BLACK","15.00","-","-","1","0","08/31/2026"
"100197229","DROP SQUISHY","8.00","-","-","2","0","08/31/2026"
"100197504","BABY ONESIE OUTFIT","5.00","-","-","10","0","08/31/2026"
"100198001","NO BAKE COOKIE","2.00","-","-","14","27","08/31/2026"
"100198407","CAT EYE GEL POLISH MOONLIGHT MAGNETIC CAT EYE GEL NAIL POLISH WITH MAGNET STICK","5.00","-","-","1","0","08/31/2026"
"100198453","SCENTED CANDLE","2.50","-","-","9","0","08/31/2026"
"100198568","BUILDER NAIL GEL","5.00","-","-","1","0","08/31/2026"
"100199403","BABY HEADBAND","3.00","-","New","10","0","08/31/2026"
"100199476","BRACELET","4.00","-","-","1","0","08/31/2026"
"100199689","CARD GAME","5.00","-","-","0","0","08/31/2026"
"100581154","AVIATOR GOLD SUNGLASSES","14.00","-","-","1","0","08/31/2026"
